140000, 736022, 4, 0, 2
81995, 736041, 3, 0, 1
75000, 736043, 4, 0, 2
309950, 736011, 2, 0, 1
580000, 736217, 4, 1, 2
575000, 736137, 4, 1, 2
268000, 736229, 4, 1, 2
452254, 736208, 4, 1, 2
535000, 736253, 4, 0, 2
1850000, 736239, 4, 0, 2
320000, 736211, 4, 1, 2
358000, 736211, 3, 1, 2
350000, 736211, 4, 1, 2
940000, 736218, 3, 1, 1
365000, 736232, 4, 1, 2
96250, 736208, 4, 0, 2
270000, 736239, 4, 1, 2
370000, 736225, 4, 1, 2
607500, 736245, 4, 0, 2
412000, 736232, 4, 0, 2
318000, 736236, 4, 0, 2
642650, 736225, 4, 0, 2
575000, 736235, 4, 0, 2
420000, 736238, 4, 0, 2
320000, 736242, 4, 1, 2
515000, 736260, 4, 0, 2
235000, 736228, 4, 1, 2
910000, 736237, 4, 0, 2
800000, 736237, 4, 1, 2
335000, 736214, 4, 1, 2
525000, 736232, 4, 0, 2
300000, 736251, 4, 0, 2
745000, 736253, 4, 1, 2
678000, 736215, 4, 0, 2
300000, 736232, 4, 0, 2
450000, 736239, 4, 1, 2
540000, 736230, 4, 0, 2
349950, 736239, 4, 0, 2
365000, 736165, 4, 1, 2
825000, 736232, 4, 1, 2
500000, 736250, 4, 0, 2
699000, 736190, 4, 0, 2
265000, 736113, 4, 0, 2
405000, 736113, 4, 0, 2
480000, 736127, 3, 1, 1
320000, 736116, 4, 0, 2
740000, 736137, 4, 0, 2
380000, 736127, 4, 0, 2
1200000, 736019, 4, 0, 2
431650, 736119, 4, 0, 2
465600, 736117, 4, 0, 2
415000, 736113, 4, 0, 2
685000, 736242, 4, 0, 2
360000, 736118, 4, 0, 2
430000, 736120, 3, 1, 1
325000, 735990, 4, 0, 2
382000, 736116, 4, 0, 2
475000, 736127, 3, 1, 1
325000, 736104, 4, 0, 2
392500, 736117, 4, 0, 2
220000, 736137, 4, 0, 2
480000, 736119, 4, 0, 2
250000, 736085, 4, 1, 2
251000, 736120, 4, 1, 2
320000, 736113, 4, 0, 2
545000, 736120, 4, 0, 2
445000, 736106, 4, 1, 2
290000, 736112, 4, 0, 2
130000, 736145, 4, 0, 2
556000, 736249, 4, 1, 2
366500, 736244, 4, 0, 2
795500, 736176, 4, 0, 2
375000, 736246, 4, 0, 2
310000, 736204, 4, 1, 2
520000, 736231, 2, 0, 1
430000, 736245, 3, 1, 1
385000, 736230, 2, 1, 1
407500, 736169, 4, 1, 2
348000, 736230, 3, 1, 1
285000, 736166, 4, 0, 2
476500, 736245, 3, 1, 1
392000, 736250, 4, 1, 2
139995, 736095, 2, 0, 2
415000, 736040, 1, 0, 1
450000, 736113, 4, 0, 2
81000, 736022, 3, 0, 1
75000, 735994, 3, 0, 1
225000, 736159, 4, 1, 2
71000, 736208, 2, 0, 1
380000, 736077, 4, 0, 2
211000, 736006, 4, 0, 2
195000, 736200, 1, 0, 1
165000, 735969, 4, 0, 2
155000, 736006, 4, 0, 2
266500, 736019, 2, 0, 2
205000, 736182, 2, 0, 1
275000, 736092, 1, 0, 1
125000, 736081, 3, 0, 1
399950, 736084, 4, 0, 2
77000, 735997, 3, 0, 1
119995, 736064, 4, 1, 2
210000, 736124, 2, 0, 1
135000, 736103, 3, 0, 1
280000, 736196, 1, 0, 1
220000, 735994, 1, 0, 1
213000, 735987, 2, 0, 2
215000, 735980, 4, 0, 2
120000, 736008, 4, 0, 2
155000, 736026, 2, 0, 1
234000, 736169, 2, 0, 2
142500, 736067, 4, 0, 2
87000, 736050, 3, 0, 1
125000, 736006, 3, 0, 1
455000, 736036, 1, 0, 1
175000, 736169, 2, 0, 1
103000, 736155, 4, 0, 2
102995, 735979, 4, 0, 2
215000, 736085, 2, 0, 1
277000, 736000, 2, 0, 1
53000, 736141, 2, 0, 1
169000, 736183, 4, 0, 2
92000, 736148, 2, 0, 1
200000, 736008, 1, 0, 1
184950, 736134, 2, 0, 1
219995, 736127, 3, 0, 1
375000, 736091, 2, 0, 1
159950, 736193, 4, 0, 2
159995, 736050, 3, 0, 1
279000, 736111, 1, 0, 1
144600, 736141, 2, 0, 1
985000, 735980, 1, 0, 1
260000, 736140, 3, 0, 1
236000, 736169, 2, 0, 1
950000, 736021, 1, 0, 1
208000, 736172, 3, 0, 1
164500, 736020, 2, 0, 1
270000, 736008, 3, 0, 1
81300, 736014, 3, 0, 1
89000, 736078, 2, 0, 1
46500, 736001, 4, 0, 2
65000, 736012, 2, 0, 1
332000, 736152, 4, 0, 2
105000, 736085, 2, 0, 1
250000, 735987, 4, 0, 2
95995, 736092, 4, 0, 2
204000, 736133, 3, 0, 1
130000, 736204, 1, 0, 1
245000, 736004, 1, 0, 2
108999, 736113, 3, 0, 1
470000, 736190, 2, 1, 1
850000, 736140, 3, 0, 1
268000, 736179, 3, 0, 1
249950, 736140, 2, 0, 1
180000, 736204, 4, 0, 2
495000, 736001, 4, 1, 2
284950, 736021, 2, 0, 1
63000, 736078, 3, 0, 1
162000, 736183, 3, 0, 1
510000, 736193, 1, 0, 1
92000, 736001, 4, 0, 2
217000, 736012, 4, 0, 2
245000, 736035, 4, 0, 2
135000, 736176, 3, 0, 1
88000, 736105, 2, 0, 1
120000, 735987, 4, 0, 2
725000, 736133, 2, 1, 1
210000, 736046, 3, 0, 1
195000, 735972, 2, 0, 1
220000, 736068, 1, 0, 1
206950, 736144, 1, 0, 1
124000, 736179, 4, 0, 2
70000, 736174, 3, 0, 1
222000, 736029, 2, 0, 1
187950, 736113, 1, 0, 1
295000, 736151, 2, 0, 1
450000, 736197, 1, 0, 1
400000, 736110, 3, 1, 1
190000, 736141, 1, 0, 2
149995, 736204, 3, 0, 1
307500, 736013, 1, 0, 1
93000, 736047, 3, 0, 1
170000, 736078, 1, 0, 2
50000, 736165, 3, 0, 1
160000, 736208, 3, 0, 1
435000, 736022, 1, 0, 1
101000, 736000, 3, 0, 1
240050, 736176, 1, 0, 1
215000, 736151, 1, 0, 1
322000, 736173, 4, 1, 2
225000, 736210, 2, 0, 2
217995, 736007, 1, 0, 1
138000, 736106, 3, 0, 2
252000, 736141, 1, 0, 1
197000, 735990, 2, 0, 1
212500, 735987, 2, 0, 1
178000, 736074, 1, 0, 1
205000, 736169, 4, 1, 2
127000, 736113, 3, 0, 1
128000, 736148, 2, 0, 1
470000, 736092, 2, 0, 1
181000, 736050, 3, 0, 1
363358, 736054, 3, 0, 1
70000, 736050, 3, 0, 1
202500, 736216, 1, 0, 1
140000, 735993, 4, 0, 2
150000, 736127, 1, 0, 1
171000, 736048, 4, 0, 2
460000, 736119, 1, 0, 1
115000, 736084, 2, 0, 1
326000, 736015, 3, 1, 1
85000, 736158, 2, 0, 1
165000, 736202, 4, 0, 2
89950, 735980, 2, 0, 1
295000, 736040, 4, 1, 2
160000, 736064, 1, 0, 1
400000, 736097, 4, 1, 2
157689, 736138, 2, 0, 1
79000, 736029, 4, 0, 2
350000, 736083, 3, 1, 1
245000, 736099, 1, 0, 1
525000, 736040, 1, 0, 1
375000, 736221, 2, 0, 1
875000, 736043, 3, 1, 1
265000, 735992, 1, 0, 1
861000, 736004, 2, 1, 1
290000, 736134, 1, 0, 1
162500, 736134, 1, 0, 1
197500, 736113, 4, 0, 1
127000, 736013, 3, 0, 1
80000, 736106, 3, 0, 2
580000, 736175, 4, 0, 2
395000, 736180, 1, 0, 1
290000, 736161, 3, 0, 1
200000, 736118, 3, 0, 1
125000, 736208, 1, 0, 1
215000, 736022, 1, 0, 1
243995, 736169, 1, 0, 2
146000, 736043, 1, 0, 1
175000, 736001, 3, 0, 1
240000, 736169, 1, 0, 1
180000, 735972, 2, 0, 1
114000, 736007, 3, 0, 1
1025000, 736078, 1, 0, 1
260000, 736202, 1, 0, 1
140000, 735993, 4, 0, 2
96000, 736071, 4, 0, 2
328750, 736154, 1, 0, 1
519500, 736070, 2, 0, 1
180000, 736211, 1, 0, 1
349950, 736035, 1, 0, 1
60000, 736155, 3, 0, 1
1405000, 736064, 4, 0, 2
189000, 736162, 4, 0, 2
199950, 736225, 1, 0, 1
425000, 736064, 1, 0, 1
150000, 736070, 2, 0, 1
129000, 736211, 2, 0, 1
350000, 735994, 3, 0, 1
272500, 736200, 1, 0, 1
49000, 736004, 2, 0, 1
699950, 736183, 3, 1, 1
280000, 736084, 2, 0, 1
315000, 736102, 3, 0, 1
46000, 736025, 4, 0, 2
795000, 736064, 4, 0, 2
75000, 736077, 3, 0, 1
150000, 735973, 4, 1, 2
176000, 736194, 2, 0, 1
615000, 736104, 3, 1, 1
255000, 736176, 3, 0, 1
116500, 735984, 2, 0, 1
585000, 736071, 1, 0, 1
250000, 736039, 4, 0, 2
605000, 736068, 1, 0, 1
250000, 736186, 3, 1, 1
450000, 736029, 2, 1, 1
145000, 736039, 4, 0, 2
124000, 736043, 3, 0, 1
95000, 736022, 4, 0, 2
450000, 736078, 2, 0, 1
235000, 736067, 3, 0, 1
120000, 736078, 2, 0, 1
152500, 736077, 3, 0, 1
195500, 736071, 4, 0, 2
59000, 736050, 4, 0, 2
40000, 736160, 3, 0, 1
139000, 736155, 3, 1, 1
230000, 736154, 4, 1, 2
125000, 735969, 4, 0, 2
75000, 736019, 4, 0, 2
114000, 735980, 1, 0, 1
47000, 736029, 3, 0, 1
108000, 736022, 3, 0, 1
150000, 736026, 4, 0, 2
105000, 736029, 2, 0, 1
49000, 736035, 4, 0, 2
215000, 735994, 3, 0, 1
132000, 736036, 2, 0, 1
230000, 736061, 4, 0, 2
185000, 736064, 1, 0, 1
141000, 736063, 4, 0, 2
300000, 736145, 2, 1, 1
216000, 736154, 4, 1, 2
342000, 736155, 3, 1, 1
110000, 736153, 3, 0, 1
139950, 736167, 3, 0, 1
1240000, 736174, 1, 0, 1
186500, 736169, 2, 0, 1
56000, 736064, 3, 0, 1
43000, 736078, 3, 0, 2
185500, 736085, 3, 0, 1
149950, 736061, 4, 0, 2
305000, 736104, 3, 0, 1
70000, 736118, 3, 0, 1
61000, 736099, 3, 0, 1
67500, 735992, 4, 0, 2
245000, 736130, 2, 1, 1
108000, 736110, 3, 0, 1
260000, 736113, 3, 0, 1
102000, 736141, 3, 0, 1
210000, 736105, 3, 0, 1
345000, 736132, 2, 1, 1
525000, 736085, 3, 1, 1
140000, 736085, 3, 0, 1
59000, 736071, 3, 0, 1
175000, 736036, 2, 0, 1
136250, 736025, 2, 0, 1
80000, 736035, 2, 0, 1
950000, 736006, 1, 0, 1
120000, 736007, 2, 0, 1
135500, 736046, 2, 0, 2
138000, 736022, 2, 0, 1
51950, 736061, 3, 0, 1
58000, 736035, 2, 0, 1
75000, 736050, 2, 0, 1
797000, 736112, 1, 1, 1
106000, 736106, 2, 0, 1
266714, 736112, 4, 1, 2
89000, 736119, 2, 0, 1
197000, 736126, 3, 0, 1
245000, 736120, 1, 0, 1
275000, 736106, 3, 0, 1
179500, 736127, 2, 0, 2
465000, 736253, 4, 1, 2
168750, 736222, 2, 0, 1
217071, 736134, 3, 0, 1
264000, 736218, 2, 0, 1
625000, 736231, 1, 0, 1
220000, 736232, 3, 0, 1
222995, 736225, 2, 0, 1
252000, 736141, 3, 0, 1
154000, 736196, 4, 0, 2
449995, 736232, 2, 0, 1
275000, 736246, 3, 0, 1
267500, 736222, 2, 0, 1
211500, 736232, 2, 0, 1
232000, 736225, 2, 0, 1
170000, 736242, 2, 0, 1
233000, 736237, 3, 0, 1
90500, 736183, 3, 0, 1
85000, 736260, 3, 0, 1
105000, 736238, 3, 0, 1
190000, 736246, 2, 0, 2
167000, 736235, 1, 0, 1
187000, 736253, 3, 0, 1
137500, 736204, 4, 0, 2
87000, 736235, 3, 0, 1
190000, 736232, 3, 0, 1
72000, 736225, 3, 0, 2
180000, 736253, 2, 0, 2
75000, 736221, 3, 0, 2
145000, 736225, 2, 0, 2
85000, 736204, 4, 0, 2
57000, 736257, 3, 0, 1
160642, 736253, 2, 0, 2
345000, 736239, 3, 0, 1
174000, 736216, 1, 0, 1
165000, 736239, 2, 0, 1
260000, 736239, 3, 0, 1
205000, 736259, 1, 0, 2
145000, 736243, 3, 0, 1
155000, 736225, 2, 0, 2
158000, 736218, 3, 0, 1
365000, 736196, 1, 0, 1
81000, 736099, 3, 0, 2
165000, 736231, 1, 0, 1
205000, 736190, 2, 0, 1
157500, 736245, 2, 0, 2
149950, 736239, 3, 0, 1
77000, 736246, 3, 0, 1
157000, 736113, 1, 0, 1
120000, 736232, 3, 0, 1
92000, 736211, 3, 0, 1
165000, 736238, 1, 0, 1
140000, 736265, 3, 0, 1
134950, 736099, 2, 0, 1
129950, 736239, 2, 0, 1
337000, 736244, 1, 0, 1
182000, 736253, 2, 0, 1
190000, 736235, 1, 0, 1
73000, 736214, 3, 0, 1
935000, 736125, 3, 1, 1
487500, 736064, 1, 0, 1
189995, 736040, 2, 0, 1
155000, 735987, 2, 0, 1
95000, 736203, 3, 0, 2
499950, 736103, 2, 1, 1
240000, 736204, 2, 0, 1
274995, 736141, 1, 0, 1
550000, 736070, 1, 0, 1
442000, 736158, 3, 1, 1
69000, 736211, 3, 0, 1
209995, 736043, 1, 0, 1
163500, 736036, 1, 0, 1
847500, 736146, 3, 1, 1
270000, 736204, 2, 0, 1
152500, 735997, 2, 0, 1
290000, 736022, 2, 0, 1
750000, 736166, 1, 0, 1
59500, 736029, 2, 0, 2
149950, 736064, 2, 0, 1
180000, 736029, 1, 0, 1
68500, 736015, 3, 0, 2
300000, 735987, 1, 0, 1
172500, 736019, 1, 0, 1
300000, 736197, 3, 0, 1
320000, 735984, 2, 0, 1
159950, 736113, 1, 0, 1
210000, 736050, 1, 0, 1
399950, 736025, 1, 0, 2
280000, 736092, 1, 0, 1
199950, 736099, 2, 0, 1
210000, 736132, 1, 0, 1
244000, 736022, 1, 0, 1
248000, 736190, 1, 0, 2
260000, 736172, 1, 0, 1
348000, 736124, 2, 0, 1
750000, 736204, 3, 0, 1
273000, 736113, 2, 0, 1
1045000, 736092, 3, 1, 1
435000, 736134, 2, 0, 1
256000, 736118, 2, 0, 1
250000, 736105, 2, 0, 1
265000, 736155, 1, 0, 1
810000, 736179, 1, 1, 1
325000, 736176, 1, 0, 1
495000, 736035, 2, 1, 1
295000, 736202, 2, 0, 1
60000, 736204, 2, 0, 1
390000, 735980, 1, 0, 1
218000, 735986, 2, 0, 1
1850000, 736173, 3, 1, 1
172500, 736001, 1, 0, 2
207500, 736176, 1, 0, 1
250000, 736197, 2, 0, 1
205000, 735973, 3, 0, 1
189000, 736232, 1, 0, 1
265000, 736167, 4, 0, 2
155000, 735987, 2, 0, 1
169950, 736113, 2, 0, 1
590000, 735994, 3, 0, 1
107000, 736162, 2, 0, 1
235000, 736032, 1, 0, 1
320000, 736189, 2, 0, 1
186000, 736145, 1, 0, 2
320000, 736159, 4, 1, 2
233000, 736134, 1, 0, 1
125000, 735994, 1, 0, 1
495000, 736197, 2, 1, 1
530000, 736029, 4, 1, 2
260000, 736151, 4, 1, 2
185000, 736095, 1, 0, 1
2385000, 736218, 1, 1, 1
444950, 736112, 1, 0, 1
175000, 736197, 3, 0, 1
480000, 736085, 4, 1, 2
465000, 736091, 2, 0, 1
108000, 736187, 3, 0, 1
79500, 736204, 3, 0, 1
230000, 736012, 1, 0, 1
255000, 736162, 2, 1, 1
635000, 736039, 4, 1, 2
260000, 736165, 2, 0, 1
250000, 736194, 3, 1, 1
197500, 736113, 1, 0, 1
50000, 736119, 3, 0, 2
375000, 736161, 4, 0, 2
41000, 736148, 3, 0, 2
167000, 736099, 4, 1, 2
62000, 736049, 3, 0, 2
299999, 736148, 4, 0, 2
295000, 736166, 4, 0, 2
130000, 736109, 4, 1, 2
540000, 736125, 3, 1, 2
83500, 736169, 3, 0, 2
415000, 736162, 2, 0, 1
195000, 736155, 3, 0, 2
475000, 736061, 3, 1, 1
178000, 736055, 4, 1, 2
320000, 736263, 2, 0, 1
227000, 736253, 2, 0, 1
146000, 736211, 2, 0, 2
428000, 736239, 1, 0, 1
155000, 736239, 2, 0, 1
330000, 736242, 2, 0, 1
228000, 736239, 2, 0, 1
229000, 736232, 3, 0, 2
205000, 736253, 1, 0, 1
92000, 736246, 2, 0, 1
147000, 736260, 1, 0, 1
365000, 736239, 1, 0, 1
126000, 736242, 2, 0, 2
177500, 736225, 3, 0, 2
120000, 736246, 1, 0, 1
269000, 736246, 1, 0, 1
230000, 736260, 1, 0, 1
135000, 736246, 4, 0, 1
152500, 736239, 2, 0, 2
225000, 736242, 1, 0, 1
215000, 735980, 3, 0, 1
80000, 736054, 3, 0, 2
430000, 735999, 2, 1, 1
249950, 736005, 4, 1, 2
372000, 735987, 3, 0, 1
647500, 736025, 1, 1, 1
350000, 736141, 4, 1, 2
445000, 735986, 1, 0, 1
80000, 735987, 3, 0, 2
150000, 735994, 4, 0, 1
520000, 736099, 4, 1, 2
64000, 736050, 3, 0, 2
267500, 736155, 3, 1, 1
485000, 736161, 4, 1, 2
105000, 736111, 3, 0, 2
210000, 736134, 3, 0, 2
390000, 736084, 3, 1, 1
610000, 736196, 2, 1, 1
210410, 735980, 1, 0, 1
361500, 736183, 3, 1, 2
1560000, 735971, 3, 1, 1
280000, 736022, 3, 1, 1
385000, 736099, 3, 1, 1
85000, 736133, 4, 1, 2
219950, 735978, 1, 0, 1
150000, 736061, 2, 0, 2
1350000, 736046, 4, 1, 2
170000, 736029, 3, 0, 2
459000, 736069, 1, 1, 1
510000, 736048, 2, 1, 1
302000, 736162, 3, 1, 1
113320, 736036, 2, 0, 2
225000, 736081, 3, 1, 1
82995, 736078, 2, 0, 2
515000, 736106, 4, 1, 2
400000, 736050, 2, 1, 1
157000, 736050, 3, 0, 2
206000, 736049, 4, 1, 2
144000, 736089, 3, 0, 2
1235000, 736054, 4, 1, 2
97500, 736043, 3, 0, 2
47000, 736056, 3, 0, 2
258500, 736119, 3, 1, 1
242000, 736161, 3, 1, 1
320000, 736141, 3, 1, 1
167000, 736246, 1, 0, 2
130000, 736246, 1, 0, 1
115000, 736225, 3, 0, 2
130000, 736244, 2, 0, 2
160000, 736251, 2, 0, 2
500000, 736176, 3, 0, 2
227000, 736137, 1, 0, 2
525000, 736186, 2, 1, 1
405000, 736145, 3, 1, 1
455000, 735970, 2, 1, 1
76000, 736036, 2, 0, 2
270000, 736203, 3, 1, 1
136200, 736134, 2, 0, 2
437500, 736196, 2, 1, 1
40000, 736110, 3, 0, 2
124950, 736139, 2, 0, 2
165000, 736015, 2, 0, 2
250000, 735990, 4, 1, 2
72500, 735980, 3, 0, 1
176995, 736050, 2, 0, 2
283000, 736036, 3, 1, 1
175000, 736050, 4, 1, 2
1938000, 736078, 3, 1, 1
131500, 736183, 3, 0, 2
450000, 736193, 4, 1, 2
1800000, 735973, 1, 1, 1
155000, 736050, 2, 0, 2
344995, 736106, 3, 1, 1
72500, 736134, 3, 0, 2
500000, 736141, 4, 1, 2
249950, 736062, 1, 0, 2
223000, 736148, 3, 1, 1
145000, 736012, 3, 0, 2
250000, 736013, 3, 1, 1
4150, 735994, 3, 0, 1
160000, 736022, 4, 1, 2
285000, 736127, 4, 1, 2
152000, 736134, 4, 0, 1
335000, 736117, 3, 1, 1
409249, 736125, 4, 1, 2
54500, 736127, 3, 0, 2
749000, 736161, 2, 1, 2
212500, 736140, 3, 1, 1
101000, 736116, 3, 0, 2
285182, 735991, 4, 1, 2
560000, 736042, 2, 1, 1
610000, 736035, 3, 1, 1
112000, 736075, 3, 0, 2
110000, 736238, 2, 0, 2
520000, 736221, 2, 1, 1
875000, 736243, 2, 1, 1
235000, 736222, 2, 1, 2
319000, 736225, 3, 1, 1
520000, 736230, 3, 1, 1
420000, 736246, 2, 1, 1
200000, 736243, 4, 1, 2
270000, 736224, 3, 1, 1
458700, 736229, 3, 1, 1
280000, 736249, 4, 1, 2
410000, 736190, 4, 1, 2
765000, 736237, 3, 1, 1
257500, 736224, 3, 1, 1
770000, 736256, 3, 1, 1
370000, 736232, 3, 1, 1
225000, 736252, 3, 1, 1
480000, 736246, 3, 1, 1
910000, 736239, 4, 1, 2
310000, 735980, 3, 0, 1
220000, 736082, 2, 0, 2
525000, 736116, 3, 1, 1
200000, 736011, 1, 0, 2
247500, 735993, 3, 1, 1
2395000, 736106, 3, 1, 1
41000, 736029, 3, 0, 2
245000, 735980, 3, 1, 1
162000, 736113, 2, 0, 2
375000, 736043, 4, 1, 2
125000, 735984, 2, 0, 2
100000, 736123, 2, 0, 2
1281000, 736202, 3, 1, 1
136000, 735994, 3, 0, 2
700000, 736063, 2, 1, 1
905000, 736159, 3, 1, 1
138000, 736130, 2, 0, 2
580000, 735994, 2, 1, 1
142000, 736067, 3, 0, 2
332000, 736078, 3, 1, 1
209000, 736145, 4, 1, 2
290000, 736103, 3, 1, 1
360000, 736091, 4, 1, 2
65000, 736134, 3, 0, 2
304000, 736148, 3, 1, 1
325000, 736106, 3, 1, 1
450000, 736147, 3, 1, 2
50000, 736127, 3, 0, 2
57000, 736078, 3, 0, 2
233000, 736076, 2, 1, 1
118745, 736025, 2, 0, 2
308000, 736214, 3, 1, 1
359950, 736246, 3, 1, 1
760000, 736260, 3, 1, 1
585000, 736251, 3, 0, 2
460000, 736106, 3, 1, 1
665000, 736144, 4, 1, 2
1170000, 736229, 1, 1, 1
1010000, 736148, 4, 1, 1
367000, 736137, 4, 1, 2
365000, 736208, 4, 1, 2
935000, 736249, 3, 1, 1
435000, 736204, 4, 1, 2
180000, 736183, 3, 0, 2
470000, 736041, 4, 1, 2
283000, 736063, 3, 1, 1
450000, 736001, 3, 1, 1
161000, 736085, 4, 1, 2
410000, 736173, 2, 1, 1
615000, 736105, 1, 1, 1
190000, 736014, 1, 0, 2
145000, 736029, 2, 0, 2
499995, 736074, 2, 1, 1
82000, 736183, 3, 0, 2
280000, 736078, 4, 1, 2
53000, 735980, 1, 0, 2
167495, 736071, 3, 0, 2
168000, 735979, 1, 0, 2
109000, 736022, 2, 0, 2
535000, 736202, 1, 1, 1
135000, 736106, 3, 0, 2
78000, 736162, 3, 0, 2
67000, 736182, 2, 0, 2
135000, 736146, 3, 1, 2
185000, 736169, 3, 1, 2
87500, 736159, 3, 0, 2
251950, 736123, 3, 0, 2
460000, 736035, 2, 1, 1
66300, 736130, 3, 0, 2
135000, 736019, 2, 0, 2
71000, 736078, 2, 0, 2
77500, 736085, 3, 0, 2
284950, 736183, 4, 1, 2
345000, 736244, 3, 1, 1
100000, 736239, 4, 0, 1
239950, 736256, 1, 0, 2
135000, 736155, 2, 0, 2
114200, 736148, 2, 0, 2
117500, 736232, 2, 0, 2
229950, 736256, 2, 0, 2
140000, 736224, 2, 0, 2
127500, 735970, 3, 0, 2
189000, 736253, 1, 0, 2
150000, 736232, 3, 0, 2
425000, 736050, 3, 1, 1
69000, 736022, 3, 0, 2
225000, 736183, 1, 0, 2
475000, 736141, 2, 1, 1
195000, 736162, 1, 0, 2
273000, 736001, 3, 0, 2
485950, 736084, 4, 1, 2
725000, 736200, 2, 1, 1
517000, 736189, 3, 1, 2
195000, 736162, 4, 0, 1
115000, 736151, 2, 0, 2
548750, 736015, 1, 1, 1
156500, 736078, 3, 0, 2
340000, 736092, 4, 1, 2
215000, 736133, 2, 0, 2
249000, 736040, 3, 1, 1
415000, 736176, 2, 1, 1
375000, 736211, 1, 1, 1
92000, 736183, 2, 0, 2
90000, 736083, 2, 0, 2
200000, 736074, 3, 1, 1
63000, 736035, 3, 0, 2
310000, 736050, 3, 1, 1
310000, 736041, 3, 1, 1
88000, 736113, 3, 0, 2
242500, 736025, 3, 0, 2
487500, 736063, 2, 1, 1
317000, 736071, 3, 1, 1
44000, 736092, 3, 0, 2
105000, 736105, 2, 0, 2
232500, 736218, 1, 0, 2
145000, 736239, 2, 0, 2
385000, 736267, 2, 1, 1
125000, 736260, 3, 0, 2
550000, 736187, 4, 1, 2
55000, 736034, 3, 0, 2
455000, 736203, 3, 1, 2
154995, 736016, 3, 0, 2
250000, 736078, 2, 0, 2
250000, 736043, 2, 1, 1
174950, 736148, 2, 0, 2
87000, 736113, 2, 0, 2
342500, 736095, 4, 1, 2
70000, 736147, 3, 0, 2
360000, 736204, 3, 1, 1
175000, 736085, 3, 0, 2
290000, 736155, 2, 0, 2
340000, 735987, 2, 1, 1
76000, 735980, 3, 0, 2
304995, 735987, 3, 1, 1
150000, 736160, 2, 0, 2
650000, 736190, 3, 1, 1
300000, 736145, 2, 1, 1
146000, 736173, 1, 0, 2
960000, 736168, 2, 1, 1
450000, 736042, 3, 1, 1
91000, 736116, 2, 0, 2
57000, 736096, 2, 0, 2
590000, 736043, 3, 1, 1
199950, 736035, 1, 0, 2
155000, 736049, 2, 0, 2
156000, 736222, 2, 0, 2
132000, 736197, 2, 0, 2
180000, 736232, 2, 0, 2
148000, 736252, 3, 0, 2
126950, 736239, 3, 0, 2
115500, 736239, 4, 0, 1
121000, 736176, 3, 0, 2
125000, 736246, 1, 0, 2
216000, 736022, 4, 1, 2
145000, 736162, 2, 0, 2
339950, 736133, 3, 0, 2
421000, 736064, 2, 1, 1
315000, 736106, 1, 0, 2
312500, 736008, 3, 1, 1
116000, 736155, 3, 0, 2
229950, 736078, 2, 0, 2
100000, 736190, 3, 0, 2
194995, 736071, 2, 0, 2
173000, 736029, 1, 0, 2
327000, 735973, 1, 0, 2
390000, 735973, 2, 1, 1
70000, 736145, 3, 0, 2
105500, 735965, 4, 1, 2
68000, 736146, 2, 0, 2
385200, 736021, 4, 1, 2
384000, 736041, 3, 1, 1
54000, 736022, 3, 0, 2
85000, 736120, 1, 0, 2
72000, 736154, 4, 0, 1
125000, 735999, 4, 1, 2
100000, 736064, 3, 0, 2
249500, 736020, 3, 1, 1
50950, 736004, 3, 0, 2
227000, 736020, 4, 1, 2
250000, 736078, 4, 1, 2
177000, 736252, 1, 0, 2
438500, 736204, 4, 1, 2
405000, 736203, 4, 1, 2
130000, 736050, 1, 0, 2
370000, 736127, 2, 1, 1
225000, 736001, 2, 0, 2
250000, 735973, 2, 1, 1
237000, 736204, 2, 0, 2
550000, 736197, 2, 1, 1
300000, 736007, 4, 1, 2
1375000, 736189, 1, 1, 1
86000, 736062, 2, 0, 2
107000, 736141, 2, 0, 2
825000, 736210, 2, 1, 1
290000, 736154, 2, 1, 1
550000, 736076, 4, 1, 2
349000, 736099, 2, 1, 1
365000, 736014, 4, 1, 2
605000, 736162, 1, 1, 1
162000, 736102, 2, 0, 2
145000, 736119, 2, 0, 2
77500, 736013, 3, 0, 2
71000, 736120, 2, 0, 2
33350, 736083, 2, 0, 2
415000, 736077, 4, 1, 2
375000, 736004, 3, 1, 1
205000, 736099, 2, 1, 1
600000, 736265, 3, 1, 1
151450, 736106, 2, 0, 2
250000, 736081, 4, 1, 2
237500, 736223, 3, 0, 2
455000, 735970, 4, 1, 2
310000, 735987, 4, 1, 2
807500, 736181, 2, 1, 1
328000, 736022, 4, 1, 2
352500, 735987, 3, 1, 1
80000, 735993, 3, 0, 2
345000, 736204, 3, 1, 1
285000, 735973, 4, 1, 2
400000, 736168, 2, 1, 1
173650, 735984, 2, 0, 2
655000, 736078, 1, 0, 2
270000, 736022, 3, 1, 1
450000, 736197, 3, 1, 1
275000, 736181, 3, 1, 1
151000, 736232, 3, 0, 2
154000, 736195, 2, 0, 2
118000, 736232, 3, 0, 2
289995, 736218, 1, 0, 2
230000, 736232, 2, 0, 2
200000, 736095, 2, 0, 2
67000, 736188, 3, 0, 2
480000, 736085, 1, 1, 1
130000, 736195, 3, 1, 2
210000, 736055, 2, 0, 2
142500, 736008, 2, 0, 2
215000, 736067, 2, 1, 1
350000, 736001, 3, 1, 1
295000, 736155, 3, 0, 2
111000, 736190, 2, 0, 2
470000, 736091, 1, 1, 1
875000, 735994, 3, 1, 1
240000, 736033, 2, 1, 1
62500, 736180, 3, 0, 2
116000, 736235, 3, 0, 2
42500, 736197, 3, 0, 2
79000, 736183, 3, 0, 2
235000, 735973, 3, 1, 1
182000, 736113, 4, 0, 1
245000, 736203, 2, 0, 2
855000, 736197, 1, 1, 1
775000, 736232, 1, 1, 1
370000, 736229, 1, 0, 2
55000, 736259, 3, 0, 2
174950, 736244, 1, 0, 2
78000, 736253, 3, 0, 2
62500, 736244, 3, 0, 2
94000, 736249, 3, 0, 2
375000, 736127, 3, 1, 2
190000, 736237, 1, 0, 2
68000, 736204, 4, 0, 1
177000, 736245, 3, 0, 2
61000, 736015, 3, 0, 2
1020000, 736126, 2, 1, 1
85000, 736015, 3, 0, 2
269995, 736106, 1, 0, 2
270000, 736137, 2, 1, 2
186500, 736190, 2, 0, 2
288000, 736061, 2, 1, 1
390000, 736056, 2, 1, 1
350000, 736134, 2, 1, 1
20000, 736195, 3, 0, 2
100000, 736246, 3, 0, 2
176000, 736222, 1, 0, 2
197500, 736257, 1, 0, 2
192000, 736253, 4, 0, 1
270000, 736253, 4, 0, 1
115000, 736019, 2, 0, 2
240000, 736238, 1, 0, 2
100000, 736204, 4, 0, 1
230000, 736239, 1, 0, 2
575000, 736246, 1, 1, 1
56500, 735993, 3, 0, 2
1280000, 736179, 1, 1, 1
370000, 736022, 1, 1, 1
110000, 736201, 2, 0, 2
179995, 736113, 4, 0, 1
175100, 736162, 1, 0, 2
272000, 736082, 2, 1, 1
560000, 736232, 3, 1, 2
245000, 736238, 3, 1, 2
118000, 736127, 1, 0, 2
565000, 736077, 1, 1, 1
157000, 736160, 2, 0, 2
135000, 735969, 2, 0, 2
365000, 736036, 2, 1, 1
159950, 736155, 1, 0, 2
370000, 736026, 2, 1, 1
250000, 736029, 4, 0, 1
240000, 736167, 1, 0, 2
120000, 736141, 1, 0, 2
480000, 736158, 2, 1, 1
284995, 736231, 1, 0, 2
194995, 736175, 2, 0, 2
268995, 736176, 1, 0, 2
90000, 736075, 1, 0, 2
307500, 736078, 1, 0, 2
3800000, 735973, 1, 1, 1
490000, 736238, 2, 1, 1
576000, 736260, 2, 1, 1
850000, 736204, 1, 1, 1
475000, 736250, 2, 1, 1
490000, 736169, 2, 1, 1
420000, 736230, 2, 1, 1
230000, 736211, 3, 1, 2
327000, 736245, 2, 1, 1
110000, 736204, 4, 0, 1
475000, 736246, 2, 1, 1
570000, 736141, 1, 0, 2
167500, 735987, 1, 0, 2
107000, 736013, 4, 0, 1
510000, 736005, 3, 1, 1
224750, 736022, 2, 0, 2
1000000, 735969, 3, 1, 1
622500, 736089, 2, 1, 1
355000, 736231, 1, 1, 1
107500, 736197, 2, 0, 2
62000, 736235, 4, 0, 1
329750, 736050, 1, 0, 2
145000, 736099, 2, 0, 2
360000, 736188, 2, 1, 1
675000, 736127, 1, 1, 1
160000, 735980, 3, 0, 2
78000, 736008, 2, 0, 2
860000, 735986, 1, 1, 1
63000, 736123, 4, 0, 1
395000, 736231, 1, 0, 2
159950, 736218, 4, 0, 1
205000, 735992, 2, 0, 2
180000, 736145, 1, 0, 2
347000, 736005, 2, 1, 1
286000, 736140, 2, 1, 1
3400000, 736095, 1, 1, 1
102500, 736242, 4, 0, 1
330000, 736245, 1, 0, 2
860000, 735987, 1, 1, 1
690000, 736015, 1, 1, 1
100000, 735976, 3, 0, 2
444000, 736235, 1, 1, 1
368000, 736232, 2, 1, 1
382500, 736259, 2, 1, 1
365000, 736259, 2, 1, 1
452000, 736225, 3, 1, 2
507500, 736246, 1, 1, 1
691000, 736246, 1, 1, 1
595950, 736251, 2, 1, 1
850000, 736085, 2, 1, 1
542000, 736230, 3, 1, 2
300000, 735969, 3, 1, 1
652500, 736214, 3, 1, 2
220000, 736008, 2, 0, 2
64000, 735973, 3, 0, 2
582500, 736113, 2, 1, 1
115000, 735987, 3, 0, 2
130000, 736068, 4, 0, 1
562000, 736132, 3, 1, 2
455000, 736130, 1, 1, 1
246000, 736111, 1, 0, 2
445000, 736193, 3, 1, 2
